{
  "lat0": 52.5187252,
  "lon0": 13.4000023,
  "note": "WGS84 origin of local meters CSV (first point)"
}
